Crop Type,Precipitation (mm),Temperature (Â°C),Soil Moisture (%),NDVI,Soil Nitrogen (mg/kg),Planting Date,Yield (kg/ha)
Sugarcane,170.2,28.9,26.4,0.65,42.8,2024-06-01,5806.5
Soybean,179.8,34.0,29.2,0.42,59.6,2024-05-12,6686.9
Millets,178.8,22.3,32.5,0.78,35.4,2024-05-28,3278.0
Maize,72.2,26.4,27.6,0.81,44.2,2024-07-22,3749.9
Cotton,62.8,24.5,46.8,0.58,30.5,2024-07-18,6073.3
Cotton,61.7,21.8,38.2,0.51,49.9,2024-06-11,3247.8
Sugarcane,235.6,25.7,21.8,0.76,62.7,2024-05-27,3030.1
Pulses,76.1,28.6,32.7,0.47,33.4,2024-05-18,3339.3
Pulses,136.1,29.7,46.3,0.83,44.6,2024-07-17,4625.4
Pulses,187.7,20.3,40.0,0.56,53.0,2024-07-13,2971.3
Sugarcane,214.9,31.8,27.0,0.44,43.0,2024-04-24,3761.9
Pulses,141.7,20.9,37.4,0.69,37.2,2024-07-23,6150.6
Groundnut,156.1,34.4,25.7,0.75,68.2,2024-06-15,4126.9
Sugarcane,89.8,32.2,21.8,0.66,57.6,2024-07-23,3937.4
Millets,145.3,20.5,27.6,0.62,33.9,2024-04-11,5814.6
Barley,213.7,25.7,49.0,0.72,65.5,2024-07-08,5285.0
Maize,194.7,31.9,49.1,0.85,52.7,2024-05-05,3219.3
Barley,74.8,32.8,30.3,0.63,45.7,2024-04-13,5198.9
Sugarcane,206.1,25.1,33.0,0.67,45.5,2024-05-13,6170.5
Wheat,232.9,31.0,32.0,0.57,43.3,2024-06-14,3360.1
Maize,144.9,28.7,21.5,0.51,53.8,2024-03-22,2182.6
Sugarcane,54.1,23.4,30.5,0.48,66.4,2024-05-11,4043.2
Groundnut,72.0,23.9,36.3,0.41,39.3,2024-04-10,3073.5
Soybean,65.5,25.5,27.2,0.44,36.4,2024-03-06,4113.2
Millets,89.8,22.4,33.3,0.69,50.4,2024-07-17,2044.9
Wheat,52.8,30.5,30.2,0.61,68.1,2024-05-12,6582.2
Rice,60.9,34.9,28.2,0.68,50.1,2024-05-01,2164.2
Wheat,219.4,23.7,37.4,0.47,44.5,2024-06-24,2631.5
Rice,146.3,31.4,46.3,0.41,40.6,2024-06-15,6882.2
Sugarcane,126.4,21.3,34.8,0.54,31.1,2024-04-12,6901.5
Soybean,114.8,33.5,37.5,0.73,69.6,2024-04-14,2071.4
Sugarcane,226.5,21.3,25.8,0.75,51.8,2024-04-03,3414.4
Groundnut,147.9,24.7,46.2,0.65,58.0,2024-04-22,3421.1
Groundnut,238.8,31.3,37.3,0.76,32.2,2024-06-24,3721.0
Sugarcane,246.5,30.6,29.0,0.48,41.6,2024-07-21,5551.5
Groundnut,129.0,34.1,42.6,0.49,68.6,2024-03-11,5523.3
Millets,234.1,30.5,22.5,0.79,48.0,2024-06-09,4411.0
Wheat,167.6,29.6,34.8,0.56,30.5,2024-03-21,3512.5
Soybean,188.6,30.7,20.9,0.66,50.7,2024-05-26,4186.8
Pulses,114.3,21.4,42.9,0.49,63.8,2024-06-20,6527.0
Sugarcane,208.1,22.9,32.3,0.71,38.5,2024-05-09,3142.9
Groundnut,138.1,26.2,37.5,0.61,37.7,2024-05-25,2375.4
Maize,184.2,33.7,27.7,0.42,34.1,2024-07-19,5065.1
Groundnut,137.2,33.8,34.9,0.73,38.1,2024-07-01,4064.0
Groundnut,185.6,20.2,22.6,0.5,52.6,2024-06-24,2976.3
Groundnut,232.3,23.2,23.2,0.58,68.3,2024-03-09,6093.6
Millets,59.1,30.7,38.7,0.77,31.3,2024-05-27,5104.5
Sugarcane,149.4,29.5,28.9,0.77,65.8,2024-05-26,6427.9
Maize,156.1,31.2,49.8,0.6,30.5,2024-06-07,6675.8
Wheat,92.0,29.1,30.9,0.82,47.9,2024-07-01,2774.7
Pulses,76.4,30.9,40.6,0.82,39.1,2024-04-16,6870.9
Pulses,103.6,33.9,21.2,0.45,58.6,2024-06-21,6760.5
Pulses,117.1,26.7,40.3,0.78,44.7,2024-04-19,3834.9
Wheat,209.5,29.0,29.4,0.86,47.9,2024-05-11,5678.8
Soybean,56.5,29.2,37.7,0.58,37.7,2024-07-21,5000.1
Cotton,170.1,26.9,22.3,0.79,45.2,2024-04-26,4263.4
Pulses,88.6,24.8,41.9,0.55,47.7,2024-05-14,5825.6
Maize,100.6,31.6,45.7,0.82,63.3,2024-07-16,3027.6
Pulses,57.5,31.9,49.6,0.48,32.4,2024-03-21,5429.5
Pulses,92.9,24.5,20.0,0.9,42.2,2024-05-03,4822.6
Soybean,78.1,20.6,36.9,0.54,54.7,2024-03-03,3894.0
Wheat,147.3,34.7,47.6,0.45,46.6,2024-06-12,3879.9
Barley,111.5,27.6,26.3,0.78,52.3,2024-07-08,4928.0
Maize,85.9,27.0,38.0,0.88,51.9,2024-07-06,5588.6
Cotton,153.3,21.0,47.2,0.48,48.9,2024-03-09,4370.4
Millets,70.7,32.6,25.5,0.44,50.7,2024-07-18,2208.6
Sugarcane,215.7,20.5,27.4,0.51,32.4,2024-05-26,2292.8
Maize,88.4,26.4,23.3,0.62,41.1,2024-07-04,5714.8
Barley,81.5,23.0,21.4,0.89,45.5,2024-06-12,5739.2
Maize,178.7,26.6,21.9,0.65,68.0,2024-05-26,5745.9
Sugarcane,147.5,22.7,43.6,0.69,41.1,2024-03-28,2938.7
Pulses,55.5,23.7,22.0,0.75,69.4,2024-05-18,6084.4
Pulses,84.8,34.1,48.2,0.75,50.5,2024-04-02,5450.5
Sugarcane,245.0,22.0,22.8,0.69,31.1,2024-05-06,6752.2
Maize,133.0,26.6,39.5,0.78,69.4,2024-05-13,6915.1
Cotton,98.1,24.9,43.4,0.53,39.1,2024-04-14,5435.4
Soybean,178.5,25.5,47.2,0.4,59.5,2024-06-19,4297.3
Barley,162.2,25.5,42.8,0.73,60.9,2024-06-19,5754.9
Maize,52.5,32.4,24.2,0.61,32.9,2024-06-02,4312.8
Rice,155.1,22.7,39.5,0.69,49.1,2024-05-07,6061.4
Sugarcane,59.6,24.9,36.4,0.74,58.9,2024-07-05,5422.1
Rice,110.1,28.2,20.6,0.54,37.6,2024-04-16,3031.7
Barley,246.5,31.8,27.0,0.87,62.6,2024-06-28,6717.6
Sugarcane,246.7,32.9,23.2,0.85,44.2,2024-06-22,2709.8
Millets,236.8,30.8,24.2,0.77,60.5,2024-03-21,6369.9
Millets,100.5,25.5,33.6,0.68,45.8,2024-04-13,4032.9
Pulses,71.2,29.0,26.6,0.63,33.2,2024-06-23,4751.1
Wheat,120.6,23.1,31.4,0.58,52.7,2024-03-03,2195.2
Groundnut,171.4,30.7,29.3,0.79,69.0,2024-05-10,3075.7
Sugarcane,92.3,25.3,26.9,0.82,40.6,2024-03-20,2258.9
Rice,197.3,34.4,34.0,0.55,59.8,2024-04-19,3278.0
Maize,162.2,22.1,34.4,0.57,33.7,2024-05-12,3217.0
Maize,163.6,25.9,32.6,0.43,35.7,2024-03-22,3447.7
Pulses,92.0,34.7,20.6,0.78,47.3,2024-05-02,4674.1
Groundnut,93.7,20.4,31.2,0.49,34.4,2024-07-10,6233.4
Wheat,228.0,22.5,38.0,0.41,39.8,2024-05-28,3347.7
Maize,126.0,20.6,29.6,0.63,56.3,2024-04-05,2478.0
Cotton,224.6,29.8,32.8,0.48,30.8,2024-05-08,6517.4
Maize,198.9,22.5,41.5,0.52,47.0,2024-07-26,6771.4
Millets,197.4,33.4,44.8,0.5,62.8,2024-06-15,5365.0
Groundnut,125.0,32.0,29.0,0.57,62.0,2024-05-10,4465.5
Millets,135.4,33.4,24.3,0.8,39.2,2024-05-04,6391.2
Barley,128.0,20.8,43.9,0.76,36.5,2024-04-19,2982.5
Rice,118.8,21.6,38.4,0.65,56.2,2024-05-04,4799.3
Groundnut,123.6,29.4,44.8,0.46,49.0,2024-05-11,4441.0
Sugarcane,192.0,30.9,29.1,0.81,36.7,2024-03-16,4752.1
Groundnut,126.9,27.1,26.2,0.42,51.7,2024-07-16,4277.8
Sugarcane,235.4,21.4,22.1,0.7,65.0,2024-06-16,2045.3
Rice,175.7,22.3,49.3,0.41,61.9,2024-05-21,5226.3
Cotton,234.8,25.7,42.6,0.82,55.9,2024-07-26,4572.6
Pulses,223.8,28.5,34.6,0.68,54.8,2024-05-13,6841.1
Rice,171.2,30.6,35.6,0.57,64.2,2024-06-06,3249.3
Pulses,78.3,28.6,35.4,0.42,41.5,2024-03-13,6652.3
Millets,171.0,33.6,42.5,0.81,44.9,2024-05-17,4986.5
Barley,106.9,24.7,41.0,0.51,65.3,2024-05-04,5306.9
Cotton,128.2,22.4,22.8,0.85,66.0,2024-06-13,4874.4
Wheat,123.0,32.5,26.3,0.64,50.0,2024-03-28,3206.2
Soybean,90.2,34.5,37.8,0.63,47.5,2024-03-14,3343.2
Millets,160.2,22.1,31.8,0.74,67.4,2024-05-06,6466.1
Groundnut,74.5,32.8,45.0,0.71,69.7,2024-07-20,2449.1
Rice,145.5,20.3,20.9,0.87,64.3,2024-04-26,3207.2
Soybean,105.4,21.7,35.1,0.48,43.9,2024-03-20,6349.0
Millets,59.9,33.4,29.4,0.86,42.9,2024-06-07,4273.7
Cotton,163.6,24.4,28.6,0.62,45.5,2024-03-27,3689.8
Sugarcane,95.7,28.4,47.3,0.71,49.5,2024-04-03,4117.7
Maize,177.6,29.2,34.6,0.87,59.5,2024-04-17,3120.0
Millets,53.9,31.5,27.6,0.43,59.8,2024-05-09,5099.1
Wheat,201.7,29.5,25.2,0.5,50.5,2024-06-16,5753.8
Barley,235.5,34.7,38.5,0.81,47.7,2024-04-10,4384.4
Barley,194.8,26.9,31.8,0.5,57.3,2024-06-21,2575.6
Rice,101.3,25.1,49.7,0.4,50.1,2024-05-23,4046.6
Sugarcane,113.8,27.5,42.9,0.63,68.4,2024-04-17,6020.1
Millets,233.9,27.1,34.7,0.69,40.8,2024-06-18,3845.6
Groundnut,205.2,28.6,29.1,0.52,31.8,2024-05-24,2008.3
Cotton,202.9,23.1,42.2,0.84,53.1,2024-04-01,3520.2
Soybean,212.4,32.6,48.5,0.78,59.9,2024-06-27,2558.1
Cotton,179.1,34.3,36.2,0.58,53.7,2024-07-20,4798.9
Rice,243.5,26.4,39.0,0.73,47.0,2024-04-05,4373.7
Pulses,206.5,27.1,41.7,0.8,45.1,2024-04-24,6307.1
Cotton,201.5,24.7,20.5,0.83,40.9,2024-03-28,6738.7
Millets,87.9,22.8,28.2,0.58,69.3,2024-06-04,3689.5
Pulses,59.2,34.5,24.9,0.71,61.6,2024-05-08,3990.5
Wheat,220.6,32.6,47.9,0.84,65.6,2024-03-05,2801.9
Rice,205.6,32.2,29.9,0.65,31.7,2024-03-01,2217.9
Pulses,130.8,27.1,42.6,0.88,59.4,2024-04-04,6817.6
Maize,72.2,22.3,36.0,0.8,42.9,2024-05-05,4015.8
Millets,199.6,21.2,43.9,0.84,59.6,2024-04-21,5928.7
Millets,90.4,32.6,26.3,0.87,32.0,2024-07-25,5527.2
Wheat,247.7,28.1,48.1,0.51,47.0,2024-07-26,5048.4
Cotton,212.9,29.2,39.9,0.5,38.5,2024-07-14,2961.7
Groundnut,126.4,23.3,42.1,0.87,64.9,2024-05-20,5055.3
Pulses,230.3,23.1,45.7,0.43,33.0,2024-07-16,2900.8
Pulses,184.9,33.6,33.8,0.74,35.4,2024-07-16,6603.1
Rice,69.6,33.0,36.1,0.72,41.9,2024-03-04,5829.8
Millets,137.0,32.4,30.8,0.89,44.0,2024-04-27,5162.3
Rice,95.0,23.6,22.8,0.63,39.5,2024-04-04,4129.0
Rice,150.7,34.7,42.8,0.55,56.9,2024-03-18,3878.5
Millets,92.8,26.1,42.3,0.78,62.8,2024-07-06,3252.0
Groundnut,182.6,27.8,35.6,0.57,53.0,2024-05-15,3152.4
Sugarcane,55.2,23.9,49.3,0.69,35.5,2024-03-12,4374.2
Maize,209.6,21.2,47.0,0.59,68.3,2024-05-05,5221.9
Rice,198.1,22.4,41.0,0.66,58.8,2024-04-22,4176.1
Sugarcane,110.2,30.7,31.9,0.78,50.4,2024-03-17,5481.9
Sugarcane,100.3,33.9,23.3,0.5,47.8,2024-04-26,3395.6
Pulses,65.1,25.5,28.5,0.62,40.5,2024-06-16,5897.8
Maize,223.7,31.0,21.0,0.45,49.8,2024-03-14,2357.7
Wheat,176.5,24.5,41.2,0.85,69.1,2024-05-25,6260.8
Rice,157.0,24.9,46.6,0.58,39.6,2024-06-11,2307.9
Barley,199.5,24.5,40.3,0.44,40.0,2024-03-01,6072.9
Rice,149.7,24.0,23.3,0.83,48.5,2024-04-20,5603.7
Wheat,185.6,29.0,28.7,0.46,57.4,2024-07-25,6066.2
Maize,62.9,25.8,40.0,0.65,40.6,2024-06-23,6332.1
Sugarcane,74.9,31.4,25.1,0.9,53.0,2024-05-13,6213.0
Sugarcane,53.5,30.4,28.0,0.49,68.2,2024-06-25,5728.6
Pulses,215.5,20.3,36.2,0.73,35.5,2024-05-26,6678.5
Millets,150.9,29.7,36.3,0.41,39.8,2024-05-03,4780.6
Groundnut,137.1,29.7,24.7,0.43,68.6,2024-03-17,2636.2
Groundnut,229.4,24.3,31.7,0.65,55.7,2024-05-17,2884.7
Maize,137.7,31.2,49.1,0.43,36.2,2024-05-14,6275.9
Maize,243.6,23.8,34.0,0.67,31.3,2024-05-21,3087.2
Soybean,79.6,27.7,44.9,0.67,65.6,2024-04-09,4500.8
Maize,127.4,20.3,25.9,0.54,54.2,2024-04-05,3663.6
Maize,204.7,20.2,28.3,0.66,42.6,2024-06-04,2078.6
Rice,111.1,23.9,24.3,0.44,38.4,2024-05-19,6698.4
Cotton,52.5,30.4,32.3,0.87,53.0,2024-05-02,5447.9
Cotton,200.0,21.0,27.2,0.76,41.4,2024-05-26,6300.1
Wheat,155.4,29.4,21.9,0.43,51.5,2024-04-13,3172.1
Wheat,187.4,27.5,38.2,0.61,34.3,2024-04-18,3557.9
Wheat,81.9,20.7,27.1,0.75,44.7,2024-07-27,3405.7
Barley,148.6,29.3,39.1,0.49,65.5,2024-03-05,5756.7
Cotton,221.0,31.3,36.9,0.74,68.7,2024-07-17,6420.2
Pulses,198.1,24.4,38.5,0.49,42.0,2024-04-13,4321.7
Millets,105.2,32.5,30.6,0.42,68.7,2024-05-27,3338.5
Wheat,218.1,21.7,47.2,0.89,32.9,2024-04-13,6138.4
Wheat,146.2,25.4,33.4,0.81,40.2,2024-03-09,5802.1
Pulses,72.7,28.7,41.7,0.42,69.5,2024-06-04,3119.1
Cotton,125.8,22.2,38.4,0.46,66.9,2024-07-26,4444.4
Barley,120.0,32.2,43.3,0.54,33.1,2024-07-15,4376.0
Wheat,174.4,27.1,20.6,0.75,60.8,2024-04-25,6519.3
Barley,130.5,28.5,45.9,0.72,64.2,2024-04-08,3763.1
Barley,186.6,25.1,41.4,0.82,47.7,2024-05-21,2154.1
Soybean,185.5,22.3,40.8,0.53,50.4,2024-07-13,6399.5
Maize,78.8,29.2,42.0,0.58,63.1,2024-05-20,6344.1
Groundnut,121.9,23.7,28.8,0.71,49.6,2024-06-20,5079.7
Wheat,124.9,21.6,23.4,0.67,43.8,2024-04-08,6267.4
Cotton,54.6,34.2,49.1,0.44,32.4,2024-05-06,5972.0
Maize,115.1,32.7,21.9,0.49,50.2,2024-04-07,4111.6
Sugarcane,96.2,30.1,25.5,0.81,40.2,2024-04-04,3978.5
Barley,163.3,28.4,39.2,0.55,64.3,2024-07-21,2747.4
Millets,100.6,24.6,21.4,0.86,64.3,2024-04-11,5208.2
Wheat,162.2,20.6,38.8,0.43,42.3,2024-05-04,3563.0
Barley,102.4,24.4,22.1,0.83,43.9,2024-05-17,2730.4
Millets,103.1,29.9,45.7,0.7,46.2,2024-06-14,5130.0
Rice,230.9,33.3,37.1,0.41,45.4,2024-04-06,3367.9
Rice,202.6,21.6,34.1,0.66,55.6,2024-05-25,3731.5
Pulses,181.5,29.0,32.5,0.81,49.2,2024-04-15,5675.5
Wheat,67.0,23.0,41.8,0.77,67.8,2024-06-26,5685.8
Groundnut,59.5,21.6,40.7,0.45,55.1,2024-04-16,2298.6
Sugarcane,125.4,20.1,43.1,0.89,52.7,2024-06-11,5068.8
Groundnut,209.3,20.6,35.7,0.67,57.1,2024-03-09,4322.2
Barley,214.3,22.0,37.4,0.85,55.8,2024-05-14,5360.6
Cotton,147.5,21.2,33.5,0.77,57.8,2024-05-15,4669.2
Millets,125.1,33.4,32.4,0.7,58.3,2024-06-26,5404.2
Sugarcane,66.1,32.6,34.6,0.9,52.1,2024-03-26,4798.3
Pulses,226.9,28.6,41.2,0.83,34.8,2024-04-25,5128.3
Maize,73.3,21.1,23.8,0.64,34.1,2024-05-13,3077.9
Maize,94.0,34.2,49.3,0.89,66.5,2024-05-25,5420.1
Millets,181.4,25.9,44.5,0.67,43.9,2024-06-27,3846.8
Groundnut,208.5,29.4,43.2,0.73,46.4,2024-04-25,4831.0
Groundnut,77.0,32.0,21.2,0.56,42.6,2024-04-23,2141.8
Wheat,121.6,30.9,30.5,0.75,37.1,2024-04-15,3133.3
Millets,158.2,32.9,43.3,0.7,57.6,2024-07-19,4638.3
Groundnut,65.0,25.9,37.9,0.78,40.3,2024-05-04,6414.0
Groundnut,171.7,27.2,48.1,0.55,42.5,2024-03-17,6394.9
Soybean,206.6,27.1,31.2,0.75,60.4,2024-04-03,6911.4
Soybean,227.0,29.0,36.0,0.59,61.8,2024-06-21,3004.1
Barley,194.5,34.8,41.2,0.44,43.1,2024-04-21,3973.1
Soybean,141.3,31.6,23.4,0.46,50.7,2024-07-12,4019.4
Pulses,53.8,31.6,42.0,0.62,64.4,2024-04-05,3016.6
Maize,97.1,28.3,46.9,0.72,54.0,2024-06-05,4175.4
Groundnut,235.5,29.1,30.6,0.78,65.9,2024-03-09,6632.9
Soybean,198.6,26.2,38.6,0.43,35.3,2024-05-15,4100.0
Sugarcane,114.8,31.0,49.6,0.56,31.1,2024-03-15,3000.7
Pulses,151.3,22.6,25.7,0.79,48.5,2024-03-15,5019.7
Groundnut,77.9,24.0,30.5,0.66,50.9,2024-05-18,6995.5
Millets,202.8,26.7,21.8,0.79,57.1,2024-05-21,6025.9
Cotton,79.3,23.2,47.3,0.45,38.4,2024-05-09,2585.4
Millets,169.2,20.6,32.5,0.85,49.7,2024-05-11,3006.9
Millets,178.2,21.5,38.0,0.51,65.9,2024-06-26,3080.5
Millets,187.6,28.1,39.5,0.51,58.4,2024-06-25,2890.0
Wheat,124.8,30.3,24.8,0.75,31.6,2024-05-21,3493.2
Rice,73.0,30.8,46.1,0.63,55.5,2024-07-02,5364.1
Rice,202.1,21.8,24.9,0.69,41.6,2024-03-05,5941.2
Maize,132.9,24.1,44.0,0.51,43.4,2024-05-15,5771.0
Sugarcane,56.2,22.1,34.3,0.88,57.5,2024-03-09,6489.9
Wheat,72.8,26.9,29.8,0.47,65.0,2024-07-15,2545.4
Sugarcane,249.1,29.4,43.8,0.72,38.4,2024-04-25,4596.3
Cotton,182.9,30.1,26.9,0.49,51.7,2024-06-27,2713.9
Barley,69.8,21.0,41.8,0.52,43.1,2024-06-26,5081.9
Rice,221.1,32.5,49.5,0.45,68.2,2024-05-03,6515.4
Rice,96.3,26.3,41.0,0.43,56.1,2024-04-19,4105.4
Soybean,125.8,27.8,44.7,0.45,48.6,2024-04-08,3879.4
Soybean,209.3,30.6,21.4,0.83,69.2,2024-05-12,3219.7
Maize,136.1,27.9,32.5,0.79,35.5,2024-05-03,2982.8
Millets,219.7,23.3,44.8,0.53,56.7,2024-06-10,2117.7
Barley,116.6,30.2,30.2,0.81,63.0,2024-04-22,4140.0
Wheat,84.9,28.8,43.1,0.45,56.7,2024-05-11,2392.5
Groundnut,219.8,20.4,27.2,0.64,58.3,2024-05-10,3151.9
Groundnut,58.3,27.5,27.8,0.74,48.7,2024-05-17,4656.1
Cotton,212.6,22.4,37.2,0.64,51.7,2024-04-18,4052.6
Soybean,163.0,22.5,45.7,0.65,54.6,2024-04-06,6145.5
Groundnut,222.7,34.5,41.1,0.46,39.6,2024-07-24,6698.9
Rice,140.8,22.8,49.0,0.85,68.8,2024-05-05,6094.5
Soybean,236.0,23.3,37.6,0.86,62.2,2024-07-24,4120.7
Groundnut,146.4,24.4,39.9,0.52,30.3,2024-03-03,6887.3
Rice,95.8,26.6,48.2,0.57,43.1,2024-04-18,2184.3
Groundnut,67.7,28.3,34.2,0.83,33.4,2024-05-21,6733.2
Pulses,121.2,34.5,28.2,0.83,55.1,2024-07-03,5958.4
Wheat,241.4,22.7,33.5,0.82,33.9,2024-06-10,4310.6
Wheat,54.5,34.1,41.6,0.41,47.1,2024-07-17,6605.7
Barley,199.7,29.9,32.4,0.78,44.0,2024-06-03,6408.8
Barley,158.9,22.4,27.4,0.61,49.5,2024-03-06,6911.2
Pulses,165.1,25.1,33.0,0.68,67.0,2024-04-12,4629.1
Barley,118.7,23.0,30.6,0.68,39.5,2024-03-05,3492.8
Millets,64.3,33.1,36.2,0.56,55.4,2024-03-03,4952.4
Maize,191.0,28.3,31.0,0.5,47.3,2024-04-12,5420.8
Maize,149.4,27.1,22.9,0.77,64.4,2024-05-07,3176.8
Rice,199.0,32.8,39.0,0.63,30.6,2024-07-20,6835.4
Barley,142.5,34.8,22.4,0.44,58.7,2024-03-04,4040.3
Wheat,68.7,23.4,28.8,0.83,64.9,2024-05-01,6531.4
Wheat,229.7,32.7,22.9,0.44,35.2,2024-06-15,4771.5
Barley,167.6,32.2,50.0,0.66,45.1,2024-06-02,2895.2
Cotton,219.6,26.6,39.0,0.52,47.0,2024-04-12,3623.0
Groundnut,123.2,31.5,43.6,0.48,42.8,2024-07-12,2153.0
Pulses,108.2,21.8,47.9,0.48,51.4,2024-07-17,3802.4
Barley,75.1,31.5,32.4,0.43,69.1,2024-04-06,6295.1
Wheat,229.6,33.6,22.9,0.76,34.3,2024-03-11,4508.5
Soybean,122.2,23.2,47.0,0.52,68.1,2024-07-10,4735.0
Millets,53.9,22.2,45.0,0.76,40.2,2024-04-22,4825.3
Millets,186.0,32.5,20.7,0.65,31.9,2024-06-17,5779.4
Wheat,239.3,30.4,45.3,0.5,63.8,2024-06-06,5991.1
Maize,232.5,33.8,40.5,0.65,59.6,2024-03-12,6895.6
Wheat,230.7,20.5,37.0,0.57,37.5,2024-04-16,4589.2
Rice,224.4,24.2,43.7,0.76,63.1,2024-04-24,3459.7
Cotton,218.2,24.7,45.2,0.54,32.9,2024-05-20,3166.5
Rice,220.4,30.8,31.4,0.65,64.7,2024-03-22,6548.9
Groundnut,114.4,26.5,22.2,0.48,66.1,2024-03-08,2634.5
Sugarcane,148.3,24.4,25.7,0.64,53.7,2024-04-27,4332.1
Pulses,71.4,32.0,27.9,0.4,44.3,2024-04-07,6961.4
Groundnut,222.3,25.1,31.1,0.87,41.4,2024-06-11,6848.1
Groundnut,83.6,21.3,23.7,0.6,42.7,2024-06-22,2738.7
Barley,54.7,24.3,35.1,0.83,61.8,2024-05-24,5474.6
Groundnut,81.3,20.0,32.4,0.58,58.2,2024-07-24,6681.1
Millets,143.0,28.8,29.6,0.45,53.3,2024-07-13,2670.3
Sugarcane,129.5,26.0,33.5,0.69,67.2,2024-03-06,6038.1
Barley,58.4,21.7,47.7,0.58,35.6,2024-03-27,5029.9
Millets,186.0,26.0,34.9,0.89,43.0,2024-04-24,3722.2
Sugarcane,212.3,28.6,28.0,0.7,45.8,2024-03-13,4351.4
Sugarcane,202.9,24.2,27.0,0.86,42.7,2024-03-10,2914.4
Barley,162.3,23.2,46.4,0.83,52.5,2024-03-19,2898.1
Pulses,221.5,30.2,33.4,0.49,53.4,2024-04-21,5094.7
Millets,120.0,23.1,21.7,0.54,34.5,2024-07-17,4576.0
Barley,167.5,24.7,46.7,0.46,52.7,2024-07-02,2589.4
Soybean,216.4,24.4,32.6,0.83,50.9,2024-04-21,5548.2
Cotton,65.6,21.1,33.6,0.56,35.6,2024-04-11,6820.4
Maize,189.6,30.2,37.5,0.48,32.6,2024-05-24,6403.2
Barley,236.3,23.3,23.1,0.67,37.0,2024-03-14,4582.8
Maize,148.4,31.1,38.4,0.69,63.4,2024-07-16,5835.6
Pulses,135.6,26.1,46.4,0.52,57.5,2024-03-05,6565.0
Groundnut,236.0,31.5,42.1,0.73,34.8,2024-06-15,2141.4
Wheat,62.9,26.4,32.6,0.56,52.7,2024-07-11,3445.0
Groundnut,190.1,26.4,40.4,0.7,56.4,2024-04-22,3160.6
Barley,200.1,30.4,30.0,0.66,47.3,2024-03-28,3532.8
Sugarcane,203.6,21.2,45.3,0.64,62.9,2024-04-25,3782.5
Maize,230.1,23.4,31.4,0.64,59.3,2024-04-21,4031.0
Barley,90.6,22.3,34.3,0.8,64.4,2024-05-15,3034.6
Groundnut,111.5,25.7,35.2,0.54,31.8,2024-03-06,3313.1
Cotton,190.1,24.4,35.7,0.48,49.2,2024-07-04,3760.4
Sugarcane,239.8,25.1,44.7,0.81,34.2,2024-04-03,3053.0
Wheat,75.4,29.3,23.9,0.63,45.5,2024-04-16,3987.8
Groundnut,72.2,25.2,30.0,0.7,68.3,2024-07-01,5626.7
Groundnut,241.5,25.3,25.9,0.57,67.1,2024-05-20,4407.8
Rice,177.3,27.7,43.4,0.48,47.2,2024-04-15,2129.5
Groundnut,174.2,26.9,26.0,0.76,40.5,2024-07-15,5763.4
Pulses,227.6,28.4,48.7,0.48,44.2,2024-07-14,5527.5
Soybean,147.8,30.1,34.3,0.55,34.5,2024-07-21,4756.1
Wheat,142.7,32.9,36.1,0.73,50.8,2024-04-12,4344.1
Soybean,97.0,34.4,25.6,0.75,37.4,2024-03-04,2681.6
Millets,165.0,21.9,44.6,0.69,60.3,2024-05-07,4277.6
Soybean,67.6,31.5,21.9,0.77,48.3,2024-05-03,5951.9
Wheat,106.5,32.5,32.4,0.45,69.6,2024-05-12,4376.3
Pulses,177.3,30.4,46.0,0.78,65.5,2024-03-10,4052.8
Millets,185.1,31.4,41.9,0.83,32.4,2024-06-24,4227.0
Wheat,225.2,29.5,40.0,0.77,54.3,2024-07-27,6502.8
Sugarcane,141.9,31.5,25.6,0.64,43.5,2024-05-22,3496.9
Rice,112.9,32.6,47.9,0.68,52.1,2024-06-04,2268.9
Pulses,77.0,21.9,31.6,0.51,65.4,2024-06-01,4689.3
Pulses,52.4,28.0,24.5,0.54,53.3,2024-05-24,4996.6
Barley,162.8,28.3,34.3,0.44,45.5,2024-06-03,4996.7
Groundnut,169.8,25.3,39.5,0.46,65.5,2024-05-15,3075.0
Barley,200.9,33.5,29.1,0.74,45.0,2024-06-10,4059.8
Millets,179.7,29.5,42.5,0.45,44.4,2024-04-24,6663.7
Soybean,91.9,30.4,34.3,0.58,53.4,2024-05-10,2818.8
Groundnut,167.1,33.1,45.9,0.4,42.4,2024-06-06,6184.1
Sugarcane,216.4,31.6,31.3,0.74,67.0,2024-06-22,2821.9
Maize,116.2,20.5,22.2,0.7,34.8,2024-04-12,5417.4
Barley,172.1,25.1,28.0,0.43,69.0,2024-07-19,6334.0
Maize,95.2,21.8,41.7,0.59,60.7,2024-04-21,6652.0
Sugarcane,84.8,32.4,45.4,0.87,35.9,2024-06-13,5846.7
Groundnut,145.4,25.8,22.5,0.61,41.3,2024-06-23,6384.8
Groundnut,223.1,26.5,32.0,0.55,62.2,2024-07-13,2784.2
Millets,170.4,33.9,24.6,0.78,47.7,2024-06-26,2643.4
Soybean,72.1,24.6,25.1,0.61,69.9,2024-03-28,4964.9
Barley,180.4,31.3,36.8,0.68,44.5,2024-06-28,6474.9
Millets,223.0,21.1,25.1,0.67,50.6,2024-03-14,3884.4
Maize,195.0,22.5,44.3,0.87,46.5,2024-07-11,5581.1
Sugarcane,217.4,28.0,35.8,0.84,51.4,2024-06-15,5184.4
Maize,52.3,24.8,28.7,0.65,43.9,2024-06-10,2704.1
Pulses,149.9,29.4,25.7,0.57,47.7,2024-04-25,5903.7
Wheat,224.6,22.0,20.3,0.69,34.5,2024-03-11,2714.1
Barley,143.1,33.2,25.8,0.52,40.8,2024-03-12,4539.1
Maize,70.2,22.4,36.8,0.48,55.8,2024-04-25,2029.1
Groundnut,120.5,26.5,41.3,0.54,59.1,2024-05-09,4601.0
Millets,81.7,34.6,49.7,0.51,62.2,2024-03-11,6335.0
Groundnut,247.7,34.7,28.1,0.46,66.5,2024-07-17,5157.0
Sugarcane,159.0,31.0,26.3,0.4,53.5,2024-05-27,5883.6
Barley,193.4,30.6,38.2,0.82,62.2,2024-03-19,2248.9
Rice,166.0,33.2,22.5,0.54,63.0,2024-05-19,4863.5
Sugarcane,76.3,20.3,46.7,0.45,58.7,2024-07-24,4507.8
Groundnut,137.2,31.8,42.9,0.42,67.2,2024-07-23,6705.1
Pulses,80.4,30.7,35.5,0.78,54.8,2024-06-24,2360.3
Maize,208.9,26.2,33.7,0.77,35.5,2024-05-14,3343.1
Groundnut,51.8,24.6,40.4,0.85,59.9,2024-04-04,5217.1
Millets,72.6,30.3,33.3,0.48,35.5,2024-04-28,5931.8
Rice,97.6,25.2,23.7,0.74,37.9,2024-03-16,5262.9
Pulses,60.3,25.6,48.6,0.49,35.5,2024-07-25,5421.0
Maize,84.7,29.1,38.4,0.68,52.5,2024-05-11,6625.8
Cotton,180.7,27.2,30.7,0.58,44.8,2024-04-19,3656.4
Soybean,108.6,28.2,46.9,0.71,61.7,2024-05-04,6951.5
Rice,244.7,34.6,42.7,0.58,48.9,2024-06-21,6627.9
Pulses,213.5,22.9,32.5,0.68,53.1,2024-04-14,5567.3
Pulses,71.8,31.1,26.5,0.7,44.5,2024-07-16,3905.2
Rice,128.3,29.4,33.1,0.74,44.7,2024-06-01,3421.7
Rice,223.7,24.8,24.4,0.76,56.0,2024-03-19,3743.9
Maize,104.3,20.1,28.7,0.67,69.7,2024-05-10,3836.6
Pulses,155.9,23.7,21.7,0.62,60.1,2024-06-10,3009.5
Rice,235.5,30.8,36.1,0.63,46.7,2024-07-14,6355.1
Millets,158.9,28.1,48.9,0.87,45.2,2024-03-08,4628.6
Pulses,53.8,25.0,37.0,0.66,54.7,2024-05-15,4708.4
Groundnut,162.7,31.9,37.6,0.48,67.5,2024-06-14,5718.4
Rice,152.6,20.6,28.2,0.75,35.4,2024-05-06,4715.2
Soybean,237.8,26.8,20.3,0.74,34.4,2024-03-09,5497.9
Pulses,144.9,23.7,38.3,0.84,69.9,2024-05-06,3857.1
Sugarcane,82.0,23.1,44.4,0.61,61.8,2024-05-21,2559.9
Soybean,81.3,26.4,50.0,0.66,63.1,2024-03-11,6545.6
Pulses,240.7,31.4,37.9,0.89,30.5,2024-04-24,2897.3
Millets,230.7,31.9,45.5,0.49,45.0,2024-03-13,2453.0
Pulses,202.8,30.8,24.5,0.81,49.7,2024-03-09,4638.9
Maize,123.2,24.6,26.0,0.84,55.2,2024-07-08,6415.0
Groundnut,89.1,27.1,39.4,0.85,68.0,2024-06-01,2941.6
Maize,113.6,29.0,49.5,0.81,40.9,2024-03-01,4959.5
Maize,224.8,26.6,47.9,0.61,37.4,2024-03-28,3187.9
Soybean,235.0,21.8,28.5,0.56,67.7,2024-05-03,2150.5
Sugarcane,156.8,33.1,38.0,0.86,43.9,2024-04-02,4052.9
Sugarcane,85.0,20.8,34.1,0.49,35.6,2024-03-05,3284.2
Groundnut,234.7,26.5,49.1,0.62,67.6,2024-04-24,3524.5
Cotton,196.0,32.2,45.4,0.77,63.3,2024-05-02,2765.9
Pulses,131.1,23.6,26.7,0.83,61.8,2024-03-06,5906.8
Rice,149.7,32.5,42.0,0.55,55.9,2024-03-08,5795.5
Cotton,154.8,29.3,44.0,0.79,30.5,2024-05-13,3541.6
Wheat,201.5,28.8,46.3,0.52,35.0,2024-07-17,3504.1
Soybean,141.7,28.2,33.4,0.45,62.8,2024-05-16,3352.7
Millets,217.1,24.6,37.6,0.86,39.8,2024-04-09,6220.6
Pulses,111.9,32.6,34.3,0.79,40.8,2024-07-22,3027.7
Wheat,169.6,28.8,42.1,0.62,37.6,2024-04-28,6697.3
Barley,148.8,22.5,48.3,0.76,64.7,2024-05-25,4273.8
Barley,65.2,28.3,40.5,0.7,53.2,2024-05-21,4588.4
Maize,66.1,23.6,21.3,0.68,32.4,2024-07-25,3208.0
Groundnut,55.1,32.8,49.9,0.61,31.2,2024-06-12,3017.1
Barley,178.8,31.3,47.7,0.55,50.2,2024-07-07,3208.9
Soybean,179.5,33.5,26.9,0.79,64.6,2024-05-22,5099.5
Maize,124.4,32.2,38.7,0.6,64.2,2024-04-11,5829.0
Maize,238.8,22.7,22.5,0.81,31.3,2024-03-04,2400.1
Sugarcane,74.0,24.3,29.4,0.87,69.3,2024-03-28,5416.4
Wheat,238.7,33.8,39.8,0.73,41.9,2024-07-08,3918.5
Wheat,178.2,32.9,30.9,0.83,60.3,2024-04-19,6034.5
Maize,246.3,21.6,41.6,0.57,61.4,2024-06-19,3237.0
Cotton,102.0,26.7,41.2,0.86,48.7,2024-04-20,3161.9
Millets,141.4,29.5,24.5,0.62,57.3,2024-07-20,6641.2
Sugarcane,218.5,21.2,23.1,0.63,43.5,2024-07-27,3952.5
Barley,70.1,28.1,34.8,0.61,40.6,2024-05-19,6435.2
Soybean,166.2,31.5,44.4,0.85,32.5,2024-03-16,3909.9
Millets,99.5,33.0,44.2,0.4,54.1,2024-06-01,2477.2
Pulses,236.2,23.2,33.4,0.78,34.2,2024-03-04,2086.4
Barley,118.8,29.5,31.9,0.41,66.7,2024-03-09,2651.0
Pulses,212.5,20.0,34.5,0.8,50.0,2024-03-22,2388.9
Rice,130.7,32.1,29.5,0.55,37.3,2024-05-02,4776.0
Maize,95.1,25.4,22.8,0.66,58.3,2024-07-04,2977.8
Cotton,199.6,33.5,35.0,0.48,52.9,2024-03-21,5702.2
Rice,113.9,31.7,20.4,0.47,48.5,2024-06-11,5261.8
Sugarcane,102.8,33.7,27.1,0.82,43.0,2024-07-15,6982.9
Rice,235.3,22.4,36.8,0.74,49.1,2024-03-18,5099.6
Millets,109.2,23.1,22.4,0.6,47.4,2024-07-28,3980.9
Groundnut,54.3,25.1,33.8,0.69,57.2,2024-05-01,6476.3
Pulses,246.9,33.5,30.1,0.67,65.7,2024-07-04,2129.2
Wheat,51.4,30.0,30.8,0.54,45.2,2024-07-20,5040.3
Millets,64.7,21.4,35.8,0.69,56.0,2024-06-23,3551.1
Soybean,177.2,22.7,40.8,0.79,42.5,2024-05-01,4369.6
Millets,223.1,26.9,29.1,0.9,40.2,2024-04-27,4879.0
Groundnut,156.7,23.3,47.1,0.61,63.0,2024-07-21,6263.8
Pulses,172.2,32.5,23.9,0.46,38.0,2024-05-04,2945.7
Wheat,87.4,30.2,26.9,0.64,40.0,2024-04-28,3684.8
Groundnut,220.7,32.4,48.1,0.57,37.7,2024-03-06,2111.6
Sugarcane,169.0,31.8,47.1,0.53,67.5,2024-07-15,5286.3
Soybean,142.5,21.3,31.8,0.69,52.9,2024-05-28,2557.5
Soybean,183.5,20.1,26.7,0.71,65.0,2024-06-15,3916.2
Pulses,134.4,24.7,44.3,0.87,45.1,2024-06-26,3624.8
Pulses,214.0,33.3,27.6,0.88,44.7,2024-07-21,4611.5
Millets,63.7,20.0,21.5,0.54,36.1,2024-06-23,5321.9
Wheat,83.0,21.4,25.7,0.89,47.3,2024-07-05,2335.6
Soybean,160.0,22.1,43.5,0.52,60.8,2024-04-16,2955.9
Maize,219.4,30.7,30.4,0.57,34.3,2024-04-11,4729.2
Barley,114.6,30.6,20.1,0.81,53.9,2024-03-06,2072.8
Rice,112.3,28.9,27.7,0.66,46.6,2024-04-26,4309.7
Barley,111.3,31.5,30.1,0.47,63.3,2024-05-27,6536.6
Soybean,196.2,24.3,37.3,0.88,40.7,2024-07-10,6047.6
Sugarcane,187.5,34.5,22.5,0.56,49.9,2024-07-03,6492.6
Millets,231.7,22.0,28.0,0.68,45.2,2024-06-09,2825.6
Maize,109.0,34.6,44.7,0.71,43.9,2024-03-21,5563.2
Groundnut,244.0,20.2,26.9,0.8,61.4,2024-06-06,5508.0
Cotton,64.7,24.4,29.8,0.73,43.0,2024-04-17,2924.6
Sugarcane,244.7,22.1,35.7,0.89,51.5,2024-07-14,4546.5
Millets,70.8,25.6,39.6,0.79,59.7,2024-04-11,5752.6
Pulses,228.7,22.5,21.4,0.56,60.8,2024-04-12,6754.8
Pulses,226.2,26.6,33.8,0.64,51.7,2024-06-18,3946.8
Millets,71.0,32.4,32.4,0.57,56.3,2024-05-28,4357.2
Cotton,197.9,20.5,28.3,0.67,69.4,2024-04-03,6350.5
Groundnut,77.6,33.3,29.5,0.62,39.8,2024-05-11,5883.3
Pulses,134.0,21.1,33.4,0.4,32.2,2024-07-18,3789.4
Groundnut,56.5,32.2,31.3,0.71,50.6,2024-04-22,3847.4
Maize,82.8,30.7,25.2,0.8,66.2,2024-04-17,4789.4
Rice,107.8,31.7,46.4,0.51,43.4,2024-05-12,6938.4
Rice,238.1,30.4,22.3,0.75,58.4,2024-07-22,6256.4
Wheat,93.7,29.1,34.6,0.63,50.7,2024-04-09,6805.6
Barley,244.4,22.0,22.1,0.57,41.4,2024-04-07,4125.2
Soybean,206.5,26.4,31.8,0.69,31.7,2024-06-15,4740.7
Barley,165.6,29.0,43.4,0.8,30.1,2024-04-04,4093.7
Groundnut,232.5,32.7,22.9,0.5,51.0,2024-04-09,5878.4
Barley,63.6,33.4,30.9,0.86,52.6,2024-04-25,6615.5
Wheat,102.8,24.7,43.8,0.71,69.8,2024-03-19,3195.1
Soybean,69.7,21.6,30.5,0.77,40.7,2024-05-12,4700.8
Soybean,187.9,23.1,31.4,0.6,45.8,2024-07-09,3336.5
Cotton,108.6,30.0,42.6,0.71,56.4,2024-06-24,6879.4
Maize,84.5,25.0,46.7,0.5,42.4,2024-05-01,2653.6
Barley,115.4,24.9,23.4,0.78,32.8,2024-06-22,6033.7
Rice,199.6,22.9,33.0,0.51,44.8,2024-05-18,5628.7
Rice,170.0,27.4,24.4,0.48,44.4,2024-05-22,2571.0
Soybean,230.5,32.0,39.9,0.65,62.5,2024-07-18,6602.9
Barley,116.7,32.5,46.6,0.53,53.1,2024-05-06,2111.1
Cotton,79.3,33.2,34.6,0.67,32.0,2024-03-03,2831.1
Rice,75.1,29.3,37.9,0.64,33.8,2024-03-21,2475.4
Maize,202.8,27.4,31.9,0.75,50.7,2024-03-17,2809.3
Wheat,94.7,22.5,25.6,0.59,60.5,2024-05-12,3229.0
Rice,203.9,28.2,39.5,0.6,54.9,2024-05-21,4929.9
Wheat,84.3,30.1,35.8,0.71,67.7,2024-03-15,2826.8
Rice,85.5,33.4,35.5,0.61,37.7,2024-05-07,5850.0
Barley,216.0,32.8,31.8,0.52,42.5,2024-07-13,4226.6
Rice,62.5,27.0,46.9,0.78,59.4,2024-04-01,6579.8
Pulses,196.2,32.7,33.1,0.77,56.3,2024-05-25,2583.3
Sugarcane,146.2,33.2,21.3,0.72,58.5,2024-03-04,3039.8
Sugarcane,248.3,26.7,42.4,0.85,44.2,2024-07-06,2366.8
Pulses,246.0,23.0,44.2,0.58,44.2,2024-03-08,3986.4
Barley,181.2,22.7,32.2,0.67,48.1,2024-05-05,3936.3
Millets,211.9,34.4,32.2,0.59,50.2,2024-04-16,4131.8
Pulses,98.3,32.9,49.9,0.42,38.1,2024-06-08,5585.7
Groundnut,157.7,34.9,27.4,0.6,43.4,2024-07-10,2748.7
Soybean,159.9,31.2,37.0,0.49,45.1,2024-07-18,3209.9
Pulses,116.2,29.3,26.0,0.77,56.2,2024-06-14,2512.8
Rice,171.6,33.2,20.8,0.78,55.7,2024-05-12,4153.3
Rice,133.7,30.8,49.9,0.5,53.8,2024-06-16,4027.0
Rice,135.2,30.6,26.1,0.43,63.1,2024-07-22,2000.6
Groundnut,64.4,28.4,26.9,0.65,53.5,2024-07-14,5672.1
Maize,100.6,27.6,37.7,0.89,60.3,2024-03-10,4160.7
Millets,224.7,33.6,39.6,0.63,38.4,2024-05-10,6206.8
Barley,102.9,21.3,37.1,0.47,39.1,2024-06-13,5916.1
Soybean,117.8,26.0,26.3,0.44,34.1,2024-06-21,3605.3
Barley,208.9,23.3,23.7,0.42,33.1,2024-06-16,6769.4
Sugarcane,118.5,33.6,49.8,0.59,38.7,2024-06-01,6613.5
Pulses,234.4,29.2,25.2,0.9,34.8,2024-05-28,5501.0
Barley,152.4,31.6,24.3,0.7,65.8,2024-06-18,2302.8
Maize,72.5,33.3,26.8,0.88,34.2,2024-05-03,3773.7
Wheat,201.7,23.4,40.2,0.84,51.3,2024-05-16,4072.0
Millets,244.5,34.6,27.0,0.83,31.0,2024-04-28,2820.0
Cotton,55.7,20.6,26.1,0.6,46.7,2024-03-05,6153.2
Millets,195.6,29.8,27.0,0.83,31.3,2024-07-27,3080.9
Soybean,57.4,32.9,42.2,0.63,50.4,2024-03-19,3737.1
Rice,120.1,30.3,33.1,0.83,43.7,2024-05-02,4679.3
Rice,165.6,32.5,44.7,0.6,68.5,2024-04-01,4845.6
Pulses,104.6,30.3,39.7,0.69,52.0,2024-04-19,6500.0
Soybean,118.6,30.0,48.3,0.59,61.2,2024-05-15,5003.9
Groundnut,192.1,26.2,46.5,0.58,42.4,2024-04-12,4677.8
Cotton,55.7,33.9,38.3,0.66,37.8,2024-04-27,6775.5
Pulses,203.1,28.6,27.2,0.46,54.7,2024-06-08,2784.0
Millets,221.0,24.5,21.0,0.44,40.6,2024-05-27,2574.1
Rice,215.5,27.5,29.7,0.64,52.7,2024-07-08,5796.3
Maize,246.7,21.4,37.9,0.5,52.8,2024-03-11,2730.5
Maize,60.2,32.4,25.4,0.57,36.2,2024-06-08,6207.8
Wheat,83.5,25.1,40.7,0.46,52.8,2024-03-25,6391.5
Barley,163.4,31.0,42.0,0.88,65.5,2024-03-03,4749.1
Rice,100.4,30.1,22.4,0.61,32.4,2024-05-15,2828.8
Groundnut,161.4,32.3,39.5,0.6,62.8,2024-03-26,2548.7
Wheat,179.3,24.8,33.5,0.54,55.9,2024-06-14,4800.2
Wheat,118.1,22.9,22.4,0.74,40.8,2024-05-26,4165.6
Maize,232.1,35.0,42.9,0.74,56.9,2024-03-25,5866.5
Rice,129.6,32.4,38.4,0.83,34.2,2024-06-11,5603.5
Millets,54.8,25.9,25.0,0.72,63.8,2024-05-15,4702.7
Millets,176.3,28.0,32.9,0.62,36.7,2024-03-12,2899.5
Millets,167.4,25.4,31.1,0.9,56.7,2024-04-23,5024.3
Millets,88.8,25.9,45.0,0.54,62.0,2024-05-09,5755.6
Cotton,164.5,20.8,27.3,0.64,34.9,2024-03-27,2328.7
Sugarcane,119.8,25.2,28.7,0.45,49.2,2024-04-10,3586.6
Pulses,211.4,22.6,24.7,0.58,48.2,2024-03-13,3101.6
Soybean,155.6,23.1,49.3,0.8,36.5,2024-04-03,2516.7
Wheat,146.9,30.8,48.5,0.44,58.1,2024-06-20,2571.4
Groundnut,129.5,22.7,31.9,0.73,54.4,2024-05-15,2808.0
Barley,84.2,21.8,26.6,0.54,47.9,2024-03-20,6390.7
Pulses,114.9,21.2,27.3,0.44,67.5,2024-05-13,3721.8
Soybean,93.8,21.4,26.6,0.59,34.7,2024-04-04,4420.5
Wheat,241.9,23.7,43.4,0.69,33.5,2024-05-15,5151.0
Barley,64.6,30.0,39.2,0.59,32.9,2024-06-21,5237.9
Maize,208.7,25.4,44.0,0.52,52.6,2024-05-10,5314.1
Sugarcane,192.0,24.5,27.2,0.72,47.2,2024-03-09,4504.4
Rice,125.5,28.2,27.0,0.7,55.0,2024-05-13,5295.5
Millets,168.6,32.9,21.0,0.69,32.9,2024-07-17,2273.3
Pulses,160.5,27.3,43.3,0.69,69.1,2024-06-04,4612.5
Groundnut,90.5,28.5,43.6,0.78,39.1,2024-07-04,3736.2
Millets,157.4,27.0,26.4,0.89,51.5,2024-06-10,4627.2
Barley,120.8,29.3,38.1,0.44,57.9,2024-04-11,4906.7
Sugarcane,213.8,27.9,42.1,0.82,43.0,2024-06-03,2265.2
Millets,51.5,23.7,38.4,0.58,30.2,2024-07-27,6230.0
Maize,215.4,21.1,23.3,0.7,68.3,2024-05-20,4291.5
Soybean,201.6,26.4,22.8,0.65,61.6,2024-05-18,3796.4
Pulses,101.6,26.5,27.9,0.88,39.3,2024-05-09,5272.4
Rice,83.5,30.3,34.9,0.4,52.8,2024-03-12,6850.4
Groundnut,153.9,21.9,24.3,0.79,68.9,2024-07-24,3963.3
Millets,204.7,20.7,50.0,0.42,36.4,2024-03-28,6727.2
Barley,183.1,22.5,36.3,0.48,43.0,2024-03-22,5575.8
Wheat,218.8,20.7,39.8,0.47,59.0,2024-03-03,3610.1
Cotton,136.3,30.5,49.8,0.44,59.0,2024-06-01,3979.6
Soybean,128.9,22.4,44.5,0.66,30.8,2024-07-14,5104.9
Barley,92.7,29.2,28.2,0.75,35.3,2024-07-20,6580.6
Maize,68.1,27.1,33.6,0.56,58.7,2024-05-22,4916.5
Barley,104.1,26.6,47.6,0.44,30.1,2024-05-02,3143.2
Maize,162.7,30.2,38.8,0.89,45.4,2024-06-01,6245.9
Sugarcane,220.8,31.4,36.7,0.64,54.9,2024-07-08,6544.5
Millets,227.0,31.4,33.9,0.75,30.5,2024-03-12,6510.4
Barley,140.3,20.9,29.8,0.59,60.8,2024-06-10,4179.3
Millets,117.2,21.8,30.7,0.61,39.7,2024-05-10,4272.4
Sugarcane,237.8,20.8,30.5,0.86,66.0,2024-07-17,6565.8
Barley,175.8,34.0,38.1,0.85,57.4,2024-03-13,6964.7
Cotton,193.1,24.6,33.5,0.42,69.6,2024-05-04,6249.3
Millets,65.0,27.5,42.7,0.83,66.1,2024-06-01,5607.6
Barley,233.1,25.9,38.4,0.69,57.5,2024-03-12,4625.4
Maize,125.6,26.5,40.8,0.64,50.5,2024-07-27,5806.5
Rice,134.4,25.4,45.7,0.82,34.6,2024-05-17,5121.3
Soybean,121.0,20.4,21.0,0.56,35.2,2024-05-22,2601.2
Rice,206.5,21.3,39.7,0.41,58.9,2024-04-25,3125.2
Soybean,107.3,30.7,34.1,0.47,30.1,2024-07-10,2361.7
Maize,162.3,20.3,48.1,0.84,41.3,2024-07-25,2663.4
Maize,100.7,24.1,45.8,0.87,68.9,2024-07-22,4170.2
Barley,184.5,21.7,47.7,0.8,62.2,2024-03-21,2306.4
Millets,99.6,29.5,30.6,0.86,37.5,2024-04-15,6410.7
Rice,236.0,22.8,45.3,0.42,38.5,2024-04-06,3248.2
Wheat,51.9,25.8,36.9,0.76,41.2,2024-03-09,3677.9
Millets,63.9,25.0,30.0,0.54,51.1,2024-07-19,2295.5
Maize,124.0,31.8,24.7,0.43,43.7,2024-04-26,2762.9
Groundnut,108.1,33.2,24.3,0.62,36.0,2024-04-15,6421.8
Barley,180.4,34.5,34.4,0.54,36.9,2024-05-21,3605.6
Pulses,210.9,34.7,31.6,0.77,44.6,2024-03-11,4891.7
Sugarcane,67.3,23.0,22.1,0.59,30.0,2024-05-28,5372.1
Barley,185.1,21.9,49.1,0.43,57.9,2024-07-13,3874.5
Soybean,226.7,24.7,46.4,0.51,32.4,2024-07-23,5910.5
Wheat,160.9,34.2,28.6,0.51,42.5,2024-07-05,6862.7
Maize,135.1,27.4,47.9,0.64,58.0,2024-03-15,6393.6
Soybean,173.7,27.7,46.1,0.49,56.2,2024-03-25,3515.6
Groundnut,81.3,32.1,21.8,0.9,53.8,2024-04-06,2673.3
Groundnut,229.4,26.0,41.8,0.79,68.7,2024-05-18,4755.7
Groundnut,248.3,28.9,20.2,0.71,44.6,2024-03-25,6090.4
Barley,150.8,21.9,49.0,0.45,61.2,2024-04-26,4739.6
Barley,213.3,27.2,23.3,0.67,58.8,2024-03-07,4008.3
Cotton,225.6,23.8,24.0,0.59,30.3,2024-07-26,4417.0
Maize,149.1,26.6,21.0,0.57,49.9,2024-07-19,4032.5
Maize,53.2,30.0,47.1,0.82,42.8,2024-04-17,5883.0
Sugarcane,215.0,34.9,40.5,0.82,56.5,2024-07-01,5692.1
Sugarcane,113.9,29.1,40.4,0.49,64.7,2024-03-26,5025.5
Pulses,182.3,27.7,21.8,0.5,56.3,2024-04-27,4173.7
Sugarcane,78.8,25.7,40.6,0.42,53.4,2024-07-04,6595.6
Cotton,183.9,27.6,40.0,0.63,65.5,2024-07-22,5727.9
Barley,199.2,28.1,25.9,0.51,33.2,2024-05-15,2121.2
Barley,207.1,21.1,21.2,0.87,67.5,2024-05-21,3937.3
Wheat,180.6,24.6,31.4,0.87,32.2,2024-05-01,3550.4
Groundnut,196.0,23.1,45.3,0.53,38.2,2024-04-26,4821.6
Sugarcane,195.6,25.3,31.0,0.53,45.4,2024-07-24,2498.3
Pulses,212.7,31.4,28.6,0.51,45.6,2024-07-08,3886.2
Millets,149.2,22.9,49.7,0.64,63.8,2024-04-07,3370.4
Sugarcane,97.4,34.4,45.7,0.72,52.8,2024-03-22,3969.4
Rice,85.2,27.5,37.8,0.48,39.5,2024-03-18,2460.2
Groundnut,107.2,28.0,38.0,0.76,63.6,2024-05-13,6215.8
Groundnut,141.2,30.7,48.1,0.43,51.4,2024-03-21,6092.9
Soybean,75.2,21.2,32.9,0.64,43.4,2024-06-21,3603.7
Sugarcane,238.0,29.7,37.8,0.82,56.5,2024-03-14,6976.8
Millets,84.1,30.5,40.6,0.46,37.0,2024-03-26,6788.5
Soybean,206.6,33.6,48.8,0.49,37.1,2024-07-26,6189.0
Rice,126.3,21.6,44.4,0.58,59.8,2024-04-15,3617.9
Groundnut,189.7,33.6,21.2,0.7,36.0,2024-06-16,2288.2
Groundnut,161.7,33.7,43.8,0.57,36.8,2024-06-15,2431.0
Wheat,160.7,22.6,26.4,0.73,44.0,2024-07-19,2214.1
Sugarcane,64.4,26.9,48.9,0.45,44.4,2024-03-19,2778.5
Rice,198.2,31.9,29.1,0.79,40.5,2024-04-07,5054.2
Sugarcane,60.7,22.4,49.0,0.77,62.0,2024-04-14,3716.2
Rice,154.3,28.7,27.2,0.77,55.7,2024-07-12,4710.8
Soybean,61.1,30.8,30.6,0.43,55.7,2024-06-06,6510.0
Groundnut,63.1,34.3,36.2,0.81,66.2,2024-07-10,3693.0
Maize,94.7,26.0,41.2,0.89,67.9,2024-06-04,5653.9
Wheat,94.5,33.8,36.3,0.52,62.2,2024-06-01,5072.7
Sugarcane,217.5,23.1,33.9,0.86,54.6,2024-06-28,3375.7
Sugarcane,208.5,26.6,23.2,0.45,54.3,2024-07-28,4100.1
Sugarcane,234.5,24.7,28.2,0.62,43.6,2024-03-11,2805.5
Groundnut,108.2,27.5,32.2,0.75,53.9,2024-07-12,4275.8
Rice,237.1,29.9,45.9,0.45,66.7,2024-03-27,2745.6
Millets,137.2,30.6,38.8,0.74,35.7,2024-06-26,5026.1
Soybean,163.8,33.0,38.1,0.86,68.2,2024-04-17,3006.8
Sugarcane,138.4,24.4,21.5,0.88,53.5,2024-07-15,3126.7
Rice,140.7,20.3,36.2,0.87,54.7,2024-03-07,2340.2
Maize,54.1,27.2,35.6,0.58,45.5,2024-04-15,4029.9
Rice,57.7,20.5,30.8,0.45,45.6,2024-07-14,5338.3
Sugarcane,145.2,33.0,46.0,0.51,61.1,2024-05-26,6808.0
Rice,138.7,28.3,44.0,0.51,68.3,2024-04-01,2249.3
Cotton,186.0,34.3,31.4,0.46,40.8,2024-05-07,4070.8
Cotton,145.1,33.8,45.1,0.73,45.0,2024-04-14,5419.9
Millets,211.7,32.5,28.7,0.69,63.2,2024-03-01,2707.5
Cotton,200.4,34.3,20.5,0.7,61.3,2024-07-16,3227.4
Sugarcane,103.3,23.7,43.5,0.74,45.9,2024-05-16,6006.8
Millets,138.8,27.2,36.6,0.5,40.7,2024-06-28,3065.5
Maize,187.1,27.5,25.3,0.85,52.9,2024-06-13,4585.6
Soybean,219.5,29.2,32.7,0.8,37.4,2024-03-07,3342.6
Maize,214.4,30.9,37.8,0.46,46.8,2024-03-15,5158.5
Rice,203.0,30.7,48.0,0.55,34.0,2024-03-28,2848.0
Pulses,124.1,30.7,46.6,0.7,66.5,2024-03-18,3699.0
Soybean,114.5,26.6,39.9,0.84,65.6,2024-07-14,2724.2
Wheat,153.1,20.7,37.2,0.55,44.5,2024-03-07,3634.2
Pulses,160.2,28.5,27.4,0.59,31.0,2024-07-26,4529.9
Pulses,90.6,27.3,32.2,0.7,41.6,2024-03-27,2497.4
Cotton,134.5,33.8,45.5,0.88,30.5,2024-04-18,2299.3
Pulses,156.5,27.0,22.0,0.58,44.2,2024-07-13,6373.8
Wheat,131.0,34.0,20.6,0.52,30.7,2024-07-24,4716.4
Wheat,121.6,30.8,48.7,0.8,43.4,2024-05-11,6988.9
Groundnut,246.2,32.8,25.9,0.74,69.1,2024-03-27,2127.4
Groundnut,89.6,22.6,33.5,0.48,66.4,2024-04-16,4702.4
Millets,210.8,33.2,30.8,0.6,44.1,2024-03-16,2147.1
Pulses,148.7,24.5,27.5,0.67,66.4,2024-07-10,5875.5
Maize,223.9,31.0,23.0,0.72,57.9,2024-06-19,2501.3
Cotton,236.6,30.0,44.6,0.57,43.8,2024-06-11,2565.1
Wheat,70.5,25.9,40.8,0.48,35.0,2024-07-15,5485.6
Wheat,180.8,22.1,26.8,0.57,67.5,2024-03-04,2450.3
Maize,184.3,20.6,30.2,0.79,53.4,2024-06-26,6332.2
Sugarcane,212.1,29.3,48.1,0.84,61.9,2024-03-05,4876.9
Wheat,75.1,23.0,33.1,0.85,57.9,2024-03-09,5618.4
Soybean,216.2,31.6,49.4,0.81,48.1,2024-06-25,6904.4
Pulses,94.1,30.5,49.2,0.73,50.7,2024-06-03,3852.9
Soybean,150.3,32.2,39.8,0.44,55.6,2024-07-23,5614.7
Wheat,88.7,30.9,24.3,0.71,64.8,2024-06-22,2810.1
Soybean,157.5,25.2,21.0,0.84,35.1,2024-04-18,6087.2
Sugarcane,246.9,33.6,27.2,0.69,50.6,2024-03-02,5078.8
Soybean,175.3,25.2,41.5,0.54,32.8,2024-06-14,3023.6
Maize,176.6,28.1,35.1,0.78,35.7,2024-06-07,4502.4
Barley,99.7,27.2,27.8,0.58,60.2,2024-04-22,6171.0
Wheat,93.9,25.0,43.7,0.43,32.7,2024-06-28,5496.5
Groundnut,174.4,28.5,33.2,0.69,45.2,2024-04-02,3237.3
Barley,105.0,20.1,40.5,0.77,60.0,2024-06-08,2884.5
Millets,170.5,20.6,31.4,0.47,33.1,2024-07-28,2908.4
Sugarcane,193.2,32.5,31.0,0.86,35.6,2024-07-22,3577.9
Maize,195.8,21.2,42.3,0.58,47.4,2024-03-10,4061.7
Groundnut,196.4,23.2,40.8,0.75,63.5,2024-03-06,4560.3
Millets,242.2,23.3,44.4,0.64,57.9,2024-06-13,6927.7
Sugarcane,133.0,29.2,48.5,0.72,49.2,2024-04-25,4885.7
Soybean,158.9,26.4,47.9,0.43,57.2,2024-03-12,2094.8
Barley,190.9,27.7,47.6,0.89,63.4,2024-06-20,2721.5
Millets,50.8,24.1,46.2,0.7,69.3,2024-03-02,3672.8
Pulses,111.0,32.2,39.2,0.77,49.3,2024-05-04,2180.8
Barley,172.8,32.4,43.8,0.62,61.2,2024-07-18,2856.8
Sugarcane,205.2,28.0,32.9,0.88,60.9,2024-06-01,3482.6
Barley,167.8,23.4,41.6,0.54,65.5,2024-06-14,4429.7
Barley,228.0,30.7,26.7,0.58,38.1,2024-06-16,4562.5
Soybean,104.2,21.8,28.5,0.75,55.8,2024-06-24,6269.6
Soybean,52.4,33.7,35.2,0.59,35.8,2024-05-06,4297.8
Barley,244.7,30.3,32.3,0.44,69.3,2024-05-10,3153.1
Millets,134.5,25.8,47.7,0.55,60.9,2024-05-20,2340.3
Wheat,89.6,21.6,33.7,0.4,39.7,2024-06-25,4378.6
Sugarcane,200.6,22.7,39.0,0.56,67.8,2024-07-07,6940.2
Maize,145.2,22.8,41.5,0.48,40.4,2024-04-13,6281.8
Cotton,171.9,25.3,46.8,0.46,45.9,2024-03-05,2574.6
Pulses,236.6,31.7,48.1,0.41,63.7,2024-03-24,6448.7
Pulses,244.3,28.9,49.0,0.61,37.0,2024-07-10,6982.6
Groundnut,169.4,28.0,35.4,0.72,32.9,2024-05-25,4261.4
Wheat,164.3,26.5,47.7,0.81,48.9,2024-06-17,3866.1
Wheat,241.4,28.6,35.8,0.62,62.7,2024-06-16,4802.6
Groundnut,223.5,28.5,34.0,0.7,62.5,2024-06-22,3141.3
Cotton,77.8,26.5,37.1,0.69,69.0,2024-05-27,5344.0
Sugarcane,84.3,33.6,40.3,0.59,32.5,2024-04-12,6802.2
Rice,231.1,26.9,42.9,0.89,31.0,2024-07-14,2911.4
Soybean,110.6,21.5,27.2,0.54,58.9,2024-04-26,3848.9
Wheat,99.5,25.3,32.6,0.84,46.1,2024-06-16,2979.4
Soybean,169.5,22.5,28.0,0.54,48.8,2024-04-18,4592.4
Pulses,111.8,32.6,42.6,0.84,36.4,2024-05-12,2796.5
Maize,228.0,24.5,22.9,0.57,60.6,2024-03-22,5017.9
Barley,52.1,32.8,30.8,0.87,45.3,2024-04-13,6990.8
Groundnut,166.5,23.7,49.3,0.51,55.0,2024-03-05,3465.6
Cotton,114.3,34.9,30.1,0.73,66.6,2024-06-05,3273.9
Sugarcane,110.8,21.0,26.2,0.54,67.1,2024-06-05,5611.3
Millets,55.4,27.1,38.6,0.82,44.0,2024-03-27,3828.3
Barley,222.8,26.1,34.0,0.5,53.7,2024-04-23,6153.7
Soybean,163.8,27.7,32.2,0.82,38.2,2024-04-05,3535.8
Wheat,219.0,24.2,33.8,0.69,34.6,2024-04-24,3244.2
Rice,117.3,26.2,24.7,0.88,59.2,2024-06-18,4507.8
Soybean,65.6,28.8,34.0,0.43,37.4,2024-06-18,2028.2
Sugarcane,184.1,29.8,35.8,0.87,65.7,2024-07-14,5178.1
Millets,178.6,21.6,32.6,0.53,35.9,2024-06-20,5084.8
Pulses,103.9,26.6,47.5,0.86,36.1,2024-05-07,6318.6
Maize,221.7,30.6,38.5,0.42,48.1,2024-03-26,4533.0
Pulses,119.9,28.3,42.5,0.82,62.1,2024-05-02,4252.8
Barley,104.2,22.2,39.2,0.41,39.9,2024-03-17,3915.3
Groundnut,248.6,27.6,32.4,0.79,48.5,2024-07-26,6554.1
Millets,238.6,23.8,29.9,0.77,40.9,2024-06-03,5970.0
Sugarcane,140.2,24.8,23.6,0.89,44.5,2024-07-21,3802.3
Millets,173.4,20.3,31.0,0.46,65.2,2024-07-09,2300.8
Wheat,234.5,26.4,33.8,0.68,55.5,2024-07-26,3830.4
Wheat,152.0,34.1,48.1,0.79,60.9,2024-03-28,4344.9
Cotton,243.5,34.2,20.8,0.6,44.0,2024-07-17,3296.6
Wheat,66.4,23.3,21.8,0.41,30.1,2024-03-12,2567.9
Wheat,50.4,30.9,49.0,0.88,68.0,2024-04-01,6267.4
Cotton,89.7,26.3,48.1,0.45,55.8,2024-05-08,4510.2
Soybean,176.2,21.0,39.7,0.73,47.6,2024-06-16,5503.5
Groundnut,164.0,30.4,45.6,0.74,43.3,2024-04-08,3529.0
Pulses,162.8,33.6,39.4,0.85,57.9,2024-05-17,4113.1
Rice,245.2,22.9,41.4,0.71,59.7,2024-04-20,3481.2
Sugarcane,166.3,34.8,45.7,0.7,41.4,2024-06-18,6514.8
Barley,79.5,33.1,42.1,0.67,32.4,2024-05-24,6776.2
Barley,149.1,22.1,23.7,0.49,60.9,2024-04-27,3828.8
Wheat,210.5,31.6,36.8,0.43,64.6,2024-03-14,6587.6
Millets,106.6,20.1,32.6,0.85,49.0,2024-03-22,4769.0
Cotton,137.8,23.1,49.8,0.41,60.1,2024-05-10,2304.6
Groundnut,122.8,23.7,24.0,0.55,45.0,2024-04-17,6599.0
Wheat,93.2,25.1,47.1,0.57,30.5,2024-03-08,5497.1
Maize,120.4,28.2,33.7,0.41,64.2,2024-03-08,5612.5
Pulses,220.1,27.5,33.2,0.7,47.8,2024-06-24,4968.3
Cotton,126.1,27.9,21.5,0.89,67.7,2024-06-24,2871.3
Soybean,244.9,28.5,26.4,0.44,64.1,2024-03-03,2023.8
Barley,51.3,21.5,30.0,0.82,69.4,2024-06-11,2335.5
Groundnut,61.6,21.3,23.0,0.78,64.9,2024-07-03,5042.5
Wheat,164.1,30.9,45.4,0.56,49.2,2024-03-23,2916.2
Sugarcane,106.0,26.9,33.6,0.89,42.9,2024-04-22,3895.8
Pulses,78.7,22.1,36.4,0.83,52.1,2024-05-22,5665.0
Sugarcane,110.3,28.5,29.8,0.54,33.4,2024-05-12,2162.7
Cotton,140.4,23.7,42.9,0.4,60.9,2024-07-04,5285.0
Millets,237.1,29.5,29.2,0.76,40.8,2024-06-02,6313.2
Wheat,227.1,22.7,43.3,0.75,31.6,2024-05-11,2428.1
Sugarcane,90.8,25.1,22.9,0.79,41.4,2024-07-18,5050.4
Millets,180.1,29.2,40.0,0.48,30.3,2024-07-20,6756.7
Barley,59.0,31.7,36.4,0.82,60.7,2024-05-02,4557.5
Rice,213.3,30.8,33.0,0.64,60.7,2024-03-12,2121.0
Soybean,239.7,28.9,43.6,0.44,61.2,2024-07-21,3349.0
Pulses,150.3,32.6,39.6,0.68,49.3,2024-07-22,6866.6
Soybean,192.5,22.1,29.7,0.42,46.0,2024-07-08,3939.7
Groundnut,118.5,33.4,40.9,0.6,55.0,2024-05-19,3336.8
Sugarcane,87.9,33.7,29.4,0.88,35.0,2024-04-14,4278.3
Cotton,240.1,20.5,22.1,0.42,58.3,2024-07-17,3871.9
Maize,74.3,26.5,36.6,0.74,39.1,2024-05-09,6568.1
Barley,230.8,34.1,22.6,0.89,31.6,2024-07-27,3478.9
Millets,205.2,23.3,49.9,0.66,63.6,2024-07-12,3861.8
Sugarcane,79.2,25.1,29.3,0.43,52.7,2024-05-25,6295.2
Groundnut,162.6,32.6,35.1,0.58,59.5,2024-03-03,3443.5
Rice,87.4,21.8,37.2,0.82,68.9,2024-04-05,3553.9
Millets,77.0,20.1,39.3,0.54,61.0,2024-05-03,2819.1
Maize,189.3,30.8,35.8,0.42,31.9,2024-04-01,2963.2
Pulses,91.9,20.0,27.0,0.7,38.5,2024-07-01,4431.2
Rice,121.3,23.3,37.3,0.69,62.4,2024-06-28,4597.9
Pulses,243.9,20.3,46.2,0.62,63.3,2024-05-25,4681.6
Wheat,160.6,33.0,38.8,0.77,49.8,2024-06-19,6438.1
Groundnut,97.7,27.8,39.1,0.88,51.8,2024-07-11,2174.4
Maize,51.6,24.9,49.0,0.62,38.6,2024-05-10,4099.4
Maize,186.7,24.9,34.7,0.53,38.9,2024-05-19,6816.8
Wheat,168.7,23.8,34.5,0.87,33.0,2024-05-16,4511.2
Groundnut,141.3,34.6,40.1,0.57,59.9,2024-06-05,4793.7
Groundnut,127.3,25.1,41.0,0.63,70.0,2024-06-07,3432.9
Millets,129.7,34.0,22.3,0.75,33.3,2024-05-20,3262.9
Wheat,108.4,30.5,45.0,0.78,35.0,2024-06-08,3012.3
Groundnut,60.1,33.1,26.1,0.4,44.4,2024-06-18,6763.8
Rice,176.1,25.2,43.6,0.42,31.0,2024-06-22,6867.8
Soybean,172.2,21.2,30.1,0.47,33.1,2024-04-15,4055.6
Cotton,51.7,24.1,36.5,0.56,32.8,2024-06-03,6492.1
Rice,153.8,24.0,31.0,0.64,56.6,2024-06-20,6810.1
Wheat,68.9,27.9,21.0,0.88,49.7,2024-06-21,2113.8
Barley,57.3,33.1,25.3,0.81,42.0,2024-07-04,2594.2
Maize,186.4,31.9,44.5,0.5,42.4,2024-03-26,4165.0
Maize,58.6,25.3,20.7,0.58,58.1,2024-06-15,2397.4
Pulses,130.8,28.2,35.3,0.76,46.7,2024-04-15,3836.3
Soybean,79.2,23.9,41.3,0.74,67.9,2024-07-21,3157.4
Soybean,123.0,21.2,26.9,0.78,61.6,2024-04-11,4308.0
Cotton,167.9,35.0,42.7,0.42,62.1,2024-06-03,5538.3
Barley,224.6,33.0,21.0,0.75,63.7,2024-06-17,6168.5
Maize,196.0,27.9,27.4,0.85,53.2,2024-06-15,3664.9
Millets,187.4,26.9,31.6,0.83,68.5,2024-04-01,5092.5
Millets,147.0,31.2,32.1,0.41,32.7,2024-06-17,2279.8
Maize,163.4,29.9,21.1,0.58,32.9,2024-05-10,5062.4
Millets,69.2,29.5,49.9,0.53,68.5,2024-06-09,6871.6
Millets,64.6,29.2,37.8,0.52,60.1,2024-07-01,2266.7
Groundnut,83.3,21.7,43.6,0.42,30.1,2024-04-04,2795.6
Cotton,178.9,28.1,37.5,0.72,40.8,2024-04-08,3347.6
Sugarcane,184.5,30.3,36.2,0.46,31.4,2024-06-19,4647.1
Maize,161.0,25.0,23.4,0.78,58.1,2024-07-19,5343.9
Barley,97.9,29.2,33.9,0.41,63.6,2024-03-25,6556.7
Soybean,144.4,30.0,35.6,0.71,34.7,2024-05-17,5019.7
Maize,152.0,29.7,42.9,0.82,53.9,2024-05-09,6232.8
Millets,154.4,22.7,42.4,0.48,60.7,2024-04-25,6792.1
Millets,124.9,25.5,47.8,0.55,52.3,2024-05-20,5966.6
Rice,115.6,21.0,28.6,0.41,45.9,2024-05-24,6141.2
Cotton,210.5,24.8,47.7,0.52,64.1,2024-05-22,6031.1
Maize,188.0,24.9,34.6,0.6,31.5,2024-06-10,4807.4
Barley,72.6,28.1,30.7,0.77,45.2,2024-03-11,2055.7
Wheat,240.4,27.1,24.5,0.45,61.5,2024-05-12,2189.8
Groundnut,209.8,30.9,30.4,0.82,43.9,2024-05-27,5772.9
Millets,196.4,30.0,20.6,0.68,47.9,2024-05-16,5383.4
Pulses,99.0,28.1,38.8,0.55,69.6,2024-05-13,6165.0
Groundnut,148.4,22.4,39.7,0.41,32.0,2024-05-09,3551.8
Sugarcane,84.3,20.6,34.9,0.68,60.7,2024-04-25,6698.0
Groundnut,176.8,25.0,21.2,0.43,44.3,2024-05-12,6335.8
Rice,161.7,25.9,33.7,0.56,47.4,2024-03-12,5529.2
Sugarcane,209.1,20.5,20.3,0.54,33.6,2024-03-26,6977.0
Sugarcane,232.5,24.4,24.4,0.41,62.3,2024-03-20,5991.1
Pulses,116.7,29.0,20.8,0.65,31.3,2024-07-19,6159.6
Groundnut,193.8,30.5,41.3,0.51,67.3,2024-05-06,6758.6
Wheat,207.5,32.9,34.0,0.81,47.8,2024-07-07,6306.0
Sugarcane,83.6,26.8,33.7,0.66,64.0,2024-04-22,5541.6
Pulses,212.8,23.2,24.8,0.82,30.5,2024-04-19,2748.1
Cotton,117.5,31.1,21.9,0.54,49.1,2024-05-05,2756.4
Maize,97.4,22.7,44.8,0.71,41.5,2024-05-07,3356.8
Groundnut,55.3,29.9,30.9,0.75,51.4,2024-07-04,2203.4
Millets,125.9,30.9,22.9,0.47,47.0,2024-05-21,4602.1
Soybean,136.2,30.6,30.2,0.5,66.1,2024-04-02,5325.5
Groundnut,164.8,27.1,27.1,0.9,32.0,2024-07-06,2197.8
Sugarcane,112.2,28.9,44.4,0.78,68.8,2024-06-23,2799.4
Maize,203.9,34.7,33.8,0.75,33.1,2024-05-27,2435.1
Maize,120.4,22.1,33.7,0.65,54.8,2024-04-25,6844.2
Millets,134.4,25.0,44.9,0.44,44.6,2024-06-25,6421.0
Cotton,77.0,22.5,46.5,0.68,42.2,2024-07-28,5707.4
Cotton,246.1,35.0,36.1,0.76,69.2,2024-06-05,3670.8
Groundnut,145.9,20.7,23.6,0.9,58.3,2024-03-07,5478.6
Sugarcane,93.0,29.5,28.9,0.88,65.0,2024-03-24,3214.9
Sugarcane,186.3,26.0,36.7,0.56,33.8,2024-05-02,2371.3
Maize,76.5,25.1,47.8,0.69,69.4,2024-04-28,3921.8
Barley,115.6,25.1,20.2,0.72,41.4,2024-05-21,4536.7
Soybean,173.8,25.0,20.2,0.58,66.2,2024-03-15,3352.5
Sugarcane,74.6,27.3,26.7,0.69,66.7,2024-04-18,2494.7
Sugarcane,178.4,32.4,41.1,0.47,42.3,2024-03-02,2027.2
Millets,228.3,32.7,32.7,0.74,44.1,2024-04-16,5520.4
Maize,197.5,32.2,39.9,0.41,43.8,2024-04-15,4094.6
Sugarcane,141.6,26.4,21.4,0.63,52.1,2024-03-03,6065.0
Maize,98.0,21.7,25.9,0.84,33.4,2024-07-17,5663.2
Millets,212.7,27.5,42.4,0.74,35.5,2024-04-10,4566.9
Groundnut,143.3,32.2,30.6,0.56,49.8,2024-07-18,6241.7
Barley,225.2,22.8,25.4,0.67,67.0,2024-06-14,5490.7
Soybean,155.4,25.8,40.2,0.42,42.3,2024-07-12,2119.9
Barley,70.6,28.0,29.1,0.89,60.5,2024-03-19,6109.8
Maize,105.2,30.1,23.4,0.83,56.1,2024-05-04,2017.6
Wheat,159.7,33.7,38.4,0.85,56.0,2024-06-11,3847.8
Millets,246.4,29.8,34.6,0.53,67.2,2024-06-26,3992.9
Maize,156.0,31.2,36.8,0.75,56.0,2024-06-20,2952.8
Maize,71.5,24.9,28.0,0.72,59.4,2024-04-11,2492.8
Cotton,122.8,21.9,34.5,0.78,44.1,2024-06-26,5061.0
Barley,136.0,33.2,24.9,0.42,51.2,2024-03-24,4793.6
Barley,85.1,30.1,27.2,0.86,62.5,2024-05-17,2164.1
Maize,203.8,30.0,46.6,0.57,64.6,2024-06-18,4294.8
Groundnut,50.3,30.8,36.7,0.5,59.5,2024-05-06,5652.7
Barley,100.2,34.4,30.8,0.56,55.5,2024-06-02,2437.9
Pulses,149.2,22.2,39.0,0.46,63.3,2024-05-08,5680.5
Maize,174.8,28.7,39.5,0.86,35.2,2024-03-19,3749.2
Sugarcane,67.8,33.8,23.1,0.74,31.2,2024-06-08,3066.4
Maize,78.2,31.7,45.7,0.78,36.4,2024-07-16,4559.4
Maize,231.7,30.7,21.5,0.86,59.7,2024-06-24,4877.5
Wheat,223.4,25.7,21.3,0.9,60.6,2024-05-10,5005.8
Wheat,127.4,31.9,32.3,0.84,51.4,2024-05-21,6128.4
Millets,92.9,31.9,37.0,0.55,33.7,2024-07-26,5313.4
Rice,59.8,31.6,33.2,0.48,55.6,2024-03-09,3934.2
Maize,185.7,26.2,34.4,0.44,56.4,2024-07-18,5843.2
Rice,228.8,22.2,48.2,0.9,31.0,2024-06-10,6936.4
Wheat,226.7,30.6,36.4,0.43,58.1,2024-04-07,3687.6
Pulses,54.4,34.8,44.4,0.85,56.6,2024-04-25,5139.2
Soybean,244.6,32.1,47.1,0.58,63.8,2024-03-27,2704.8
Barley,51.6,26.3,24.0,0.62,47.1,2024-07-05,3117.9
Barley,237.0,32.6,41.2,0.84,69.9,2024-05-03,3252.2
Rice,160.4,26.3,33.5,0.73,68.5,2024-04-12,5579.0
Cotton,89.2,29.1,46.3,0.71,69.2,2024-04-13,5922.4
Cotton,104.7,29.0,29.5,0.73,48.5,2024-04-20,3863.5
Soybean,126.2,34.1,28.0,0.82,58.1,2024-04-19,2677.9
Sugarcane,209.2,23.0,40.4,0.84,61.8,2024-05-10,6810.8
Wheat,142.9,30.0,48.8,0.42,37.7,2024-04-11,4710.8
Cotton,141.1,24.6,24.2,0.62,42.6,2024-07-27,3408.4
Maize,74.0,23.0,31.8,0.72,47.4,2024-05-02,2607.5
Barley,107.9,29.7,45.2,0.65,34.3,2024-07-24,5850.7
Pulses,118.2,24.3,36.1,0.79,55.6,2024-03-14,4975.9
Cotton,156.3,32.3,35.9,0.69,55.7,2024-05-07,3212.9
Maize,150.5,34.7,44.3,0.45,64.7,2024-03-25,3666.6
Pulses,202.5,24.5,23.0,0.7,42.5,2024-05-01,3125.1
Barley,141.0,28.5,26.5,0.52,60.7,2024-06-14,3456.6
Groundnut,52.6,34.9,32.4,0.88,69.9,2024-07-04,3428.5
Groundnut,61.7,25.9,46.6,0.79,34.3,2024-03-12,2277.4
Pulses,80.4,30.0,38.5,0.81,44.5,2024-07-09,2929.1
Maize,123.9,32.0,23.6,0.69,67.4,2024-06-22,5485.4
Millets,193.5,33.9,20.3,0.73,38.8,2024-04-15,5391.2
Rice,58.8,27.5,38.2,0.5,60.0,2024-05-17,5350.6
Soybean,249.0,33.6,41.0,0.43,40.3,2024-05-24,5902.2
Soybean,97.0,24.0,39.7,0.49,66.1,2024-05-19,2135.7
Pulses,90.6,30.5,20.7,0.78,55.4,2024-03-27,3103.4
Sugarcane,208.1,24.8,30.5,0.85,36.7,2024-03-01,6585.1
Rice,152.1,31.8,20.1,0.51,52.0,2024-05-28,5639.2
Millets,150.1,31.7,45.6,0.69,31.4,2024-03-22,2328.3
Millets,68.0,34.6,33.7,0.81,67.5,2024-06-06,2028.4
Cotton,53.3,29.9,40.9,0.88,45.8,2024-05-15,6264.4
Wheat,214.7,29.8,38.5,0.55,31.2,2024-05-11,6717.9
Soybean,180.1,27.0,45.8,0.78,39.8,2024-07-03,3499.7
Pulses,170.3,22.7,37.9,0.57,63.8,2024-04-09,4989.7
Pulses,203.3,25.0,49.6,0.47,64.2,2024-07-03,3897.5
Wheat,191.0,31.3,25.2,0.65,40.6,2024-06-21,5978.1
Sugarcane,210.1,31.8,38.6,0.44,62.8,2024-03-13,4367.0
Cotton,80.4,22.6,42.4,0.41,67.2,2024-03-15,4647.3
Millets,233.8,20.9,47.0,0.62,68.9,2024-06-24,6932.9
Groundnut,198.5,25.1,45.1,0.59,39.4,2024-03-02,6417.1
Cotton,93.1,21.3,30.3,0.56,33.7,2024-07-22,5089.6
Pulses,66.3,26.6,35.9,0.76,56.6,2024-04-21,6351.8
